{
  "run_dir": "/Users/allisoncui/cubs/cubs_simulation/data/run_20250924_115008_2450",
  "panel_path": "/Users/allisoncui/cubs/cubs_simulation/data/run_20250924_115008_2450/panel.parquet",
  "n_rows": 109600,
  "n_people": 100,
  "n_cycles": 3700,
  "frac_revolver_cycles": 0.19324324324324324,
  "daily_mean_consumption": 115.41197846022864,
  "daily_mean_payment_to_card": 60.57587093247934,
  "daily_mean_interest_charge": 0.11055460200610297,
  "daily_mean_late_fee": 0.014233576642335766
}